<?xml version="1.0" encoding="UTF-8"?>
<con:soapui-project id="0364e52f-0169-4daa-baff-d5fe452d5bc1" activeEnvironment="Default" name="Rest E commerce" soapui-version="5.7.0" abortOnError="false" runType="SEQUENTIAL" resourceRoot="${projectDir}" xmlns:con="http://eviware.com/soapui/config"><con:settings/><con:interface xsi:type="con:RestService" id="a2ef1281-f4a1-4b16-b4f6-f2652812d379" wadlVersion="http://wadl.dev.java.net/2009/02" name="https://ecommerceservice.herokuapp.com" type="rest" xmlns:xsi="http://www.w3.org/2001/XMLSchema-instance"><con:settings/><con:definitionCache type="TEXT" rootPart=""/><con:endpoints><con:endpoint>https://ecommerceservice.herokuapp.com</con:endpoint></con:endpoints><con:resource name="Signup" path="/user/signup" id="710ab245-67f9-482c-b86f-c4eaa72190cf"><con:settings/><con:parameters/><con:method name="Signup 1" id="7cbc4c2d-d051-471d-811f-09ed642c72b2" method="POST"><con:settings/><con:parameters/><con:representation type="REQUEST"><con:mediaType>application/json</con:mediaType><con:params/></con:representation><con:representation type="FAULT"><con:mediaType>application/json; charset=utf-8</con:mediaType><con:status>400</con:status><con:params/><con:element xmlns:sig="https://ecommerceservice.herokuapp.com/user/signup">sig:Fault</con:element></con:representation><con:representation type="RESPONSE"><con:mediaType>application/json; charset=utf-8</con:mediaType><con:status>201</con:status><con:params/><con:element xmlns:sig="https://ecommerceservice.herokuapp.com/user/signup">sig:Response</con:element></con:representation><con:representation type="RESPONSE"><con:mediaType xsi:nil="true"/><con:status>0</con:status><con:params/><con:element>data</con:element></con:representation><con:request name="SignUp" id="a6b387bf-4092-4a9a-bcbb-2323001bd2f0" mediaType="application/json" postQueryString="false"><con:settings><con:setting id="com.eviware.soapui.impl.wsdl.WsdlRequest@request-headers">&lt;xml-fragment/></con:setting></con:settings><con:endpoint>https://ecommerceservice.herokuapp.com</con:endpoint><con:request> {
	"email": "saksham1@gmail.com",
	"password": "krishna@123"
}
</con:request><con:originalUri>https://ecommerceservice.herokuapp.com/user/signup</con:originalUri><con:credentials><con:authType>No Authorization</con:authType></con:credentials><con:jmsConfig JMSDeliveryMode="PERSISTENT"/><con:jmsPropertyConfig/><con:parameters/></con:request></con:method></con:resource></con:interface><con:interface xsi:type="con:RestService" id="5a0a182f-86b9-420d-8907-de888db22849" wadlVersion="http://wadl.dev.java.net/2009/02" name="https://ecommerceservice.herokuapp.com" type="rest" xmlns:xsi="http://www.w3.org/2001/XMLSchema-instance"><con:settings/><con:definitionCache type="TEXT" rootPart=""/><con:endpoints><con:endpoint>https://ecommerceservice.herokuapp.com</con:endpoint></con:endpoints><con:resource name="Login" path="/user/login" id="70cac192-930c-47d4-ac3e-5df1973c882a"><con:settings/><con:parameters/><con:method name="Login 1" id="14699f77-ca22-4b1b-93cf-87d0d2046d8d" method="POST"><con:settings/><con:parameters/><con:representation type="REQUEST"><con:mediaType>application/json</con:mediaType><con:params/></con:representation><con:representation type="FAULT"><con:mediaType>application/json; charset=utf-8</con:mediaType><con:status>500 401</con:status><con:params/><con:element xmlns:log="https://ecommerceservice.herokuapp.com/user/login">log:Fault</con:element></con:representation><con:representation type="RESPONSE"><con:mediaType>application/json; charset=utf-8</con:mediaType><con:status>200</con:status><con:params/><con:element xmlns:log="https://ecommerceservice.herokuapp.com/user/login">log:Response</con:element></con:representation><con:request name="Login" id="10dbf82c-de9c-4c6f-9130-8eb48efd19de" mediaType="application/json" postQueryString="false"><con:settings><con:setting id="com.eviware.soapui.impl.wsdl.WsdlRequest@request-headers">&lt;xml-fragment/></con:setting></con:settings><con:endpoint>https://ecommerceservice.herokuapp.com</con:endpoint><con:request> {
	"email": "saksham1@gmail.com",
	"password": "krishna@123"
}
</con:request><con:originalUri>https://ecommerceservice.herokuapp.com/user/login</con:originalUri><con:credentials><con:authType>No Authorization</con:authType></con:credentials><con:jmsConfig JMSDeliveryMode="PERSISTENT"/><con:jmsPropertyConfig/><con:parameters/></con:request></con:method></con:resource></con:interface><con:interface xsi:type="con:RestService" id="131d8d9d-0b88-4d6d-954e-fb9f83056bfb" wadlVersion="http://wadl.dev.java.net/2009/02" name="https://ecommerceservice.herokuapp.com" type="rest" xmlns:xsi="http://www.w3.org/2001/XMLSchema-instance"><con:settings/><con:definitionCache type="TEXT" rootPart=""/><con:endpoints><con:endpoint>https://ecommerceservice.herokuapp.com</con:endpoint></con:endpoints><con:resource name="User" path="/user" id="4b20a3c3-17f3-4443-84e5-301c057bc470"><con:settings/><con:parameters/><con:method name="User 1" id="3fb6a996-e50c-4be3-8c09-a4cad6bbb81f" method="GET"><con:settings/><con:parameters/><con:representation type="FAULT"><con:mediaType>application/json; charset=utf-8</con:mediaType><con:status>500 401</con:status><con:params/><con:element xmlns:user="https://ecommerceservice.herokuapp.com/user">user:Fault</con:element></con:representation><con:representation type="RESPONSE"><con:mediaType>application/json; charset=utf-8</con:mediaType><con:status>200</con:status><con:params/><con:element xmlns:user="https://ecommerceservice.herokuapp.com/user">user:Response</con:element></con:representation><con:request name="Get All User" id="9f0cfa8f-1925-409b-9076-ec32240f9691" mediaType="application/json"><con:settings><con:setting id="com.eviware.soapui.impl.wsdl.WsdlRequest@request-headers">&lt;entry key="Authorization" value="bearer eyJhbGciOiJIUzI1NiIsInR5cCI6IkpXVCJ9.eyJfaWQiOiI2MjI3MjZiZDYyNTk4NDAwMTc0NWMwODciLCJpYXQiOjE2NDY4MTQ0NTQsImV4cCI6MTY0NjkwMDg1NH0.EODZFUXNhSoqZv9lUs87j7CXhRlkSNKysABiBaW6Y28" xmlns="http://eviware.com/soapui/config"/></con:setting></con:settings><con:endpoint>https://ecommerceservice.herokuapp.com</con:endpoint><con:request/><con:originalUri>https://ecommerceservice.herokuapp.com/user</con:originalUri><con:credentials><con:authType>No Authorization</con:authType></con:credentials><con:jmsConfig JMSDeliveryMode="PERSISTENT"/><con:jmsPropertyConfig/><con:parameters/></con:request></con:method></con:resource></con:interface><con:interface xsi:type="con:RestService" id="03f277a4-02e3-47be-975e-13333727c5f9" wadlVersion="http://wadl.dev.java.net/2009/02" name="https://ecommerceservice.herokuapp.com" type="rest" xmlns:xsi="http://www.w3.org/2001/XMLSchema-instance"><con:settings/><con:definitionCache type="TEXT" rootPart=""/><con:endpoints><con:endpoint>https://ecommerceservice.herokuapp.com</con:endpoint></con:endpoints><con:resource name="Id" path="/user/6227157d625984001745bfa4" id="74569a23-2ec1-4f23-9b0d-a07aa9d9e9ad"><con:settings/><con:parameters/><con:method name="Id 1" id="7f735103-467b-4013-8195-06cb50a41403" method="DELETE"><con:settings/><con:parameters/><con:representation type="REQUEST"><con:mediaType>application/json</con:mediaType><con:params/></con:representation><con:representation type="RESPONSE"><con:mediaType>application/json; charset=utf-8</con:mediaType><con:status>200</con:status><con:params/><con:element xmlns:bf95="https://ecommerceservice.herokuapp.com/user/62271101625984001745bf95">bf95:Response</con:element></con:representation><con:representation type="FAULT"><con:mediaType>application/json; charset=utf-8</con:mediaType><con:status>500 401</con:status><con:params/><con:element xmlns:bf95="https://ecommerceservice.herokuapp.com/user/62271101625984001745bf95">bf95:Fault</con:element></con:representation><con:request name="Delete" id="52081bf7-2af3-41d7-a565-47ad76d8949f" mediaType="application/json" postQueryString="false"><con:settings><con:setting id="com.eviware.soapui.impl.wsdl.WsdlRequest@request-headers">&lt;entry key="Authorization" value="bearer eyJhbGciOiJIUzI1NiIsInR5cCI6IkpXVCJ9.eyJfaWQiOiI2MjI3MjZiZDYyNTk4NDAwMTc0NWMwODciLCJpYXQiOjE2NDY4MTQ0NTQsImV4cCI6MTY0NjkwMDg1NH0.EODZFUXNhSoqZv9lUs87j7CXhRlkSNKysABiBaW6Y28" xmlns="http://eviware.com/soapui/config"/></con:setting></con:settings><con:endpoint>https://ecommerceservice.herokuapp.com</con:endpoint><con:request/><con:originalUri>https://ecommerceservice.herokuapp.com/user/62271101625984001745bf95</con:originalUri><con:credentials><con:authType>No Authorization</con:authType></con:credentials><con:jmsConfig JMSDeliveryMode="PERSISTENT"/><con:jmsPropertyConfig/><con:parameters/><con:parameterOrder/></con:request></con:method></con:resource></con:interface><con:interface xsi:type="con:RestService" id="47958025-879f-4b1d-9020-04672dd491fe" wadlVersion="http://wadl.dev.java.net/2009/02" name="https://ecommerceservice.herokuapp.com" type="rest" xmlns:xsi="http://www.w3.org/2001/XMLSchema-instance"><con:settings/><con:definitionCache/><con:endpoints><con:endpoint>https://ecommerceservice.herokuapp.com</con:endpoint></con:endpoints><con:resource name="Products" path="/products" id="b2c2244f-07d9-407a-8ed5-90a1044ef576"><con:settings/><con:parameters/><con:method name="Products 1" id="f7bfd019-6e47-4062-9e63-e26a5d6c0325" method="GET"><con:settings/><con:parameters/><con:representation type="RESPONSE"><con:mediaType>application/json; charset=utf-8</con:mediaType><con:status>200</con:status><con:params/><con:element xmlns:prod="https://ecommerceservice.herokuapp.com/products">prod:Response</con:element></con:representation><con:representation type="FAULT"><con:mediaType>application/json; charset=utf-8</con:mediaType><con:status>401</con:status><con:params/><con:element xmlns:prod="https://ecommerceservice.herokuapp.com/products">prod:Fault</con:element></con:representation><con:request name="Get All Product" id="839aac75-563f-4bb3-b24e-f0f6fe11e300" mediaType="application/json"><con:settings><con:setting id="com.eviware.soapui.impl.wsdl.WsdlRequest@request-headers">&lt;entry key="Authorization" value="bearer eyJhbGciOiJIUzI1NiIsInR5cCI6IkpXVCJ9.eyJfaWQiOiI2MjI3MjZiZDYyNTk4NDAwMTc0NWMwODciLCJpYXQiOjE2NDY4MTQ0NTQsImV4cCI6MTY0NjkwMDg1NH0.EODZFUXNhSoqZv9lUs87j7CXhRlkSNKysABiBaW6Y28" xmlns="http://eviware.com/soapui/config"/></con:setting></con:settings><con:endpoint>https://ecommerceservice.herokuapp.com</con:endpoint><con:request/><con:originalUri>https://ecommerceservice.herokuapp.com/products</con:originalUri><con:credentials><con:authType>No Authorization</con:authType></con:credentials><con:jmsConfig JMSDeliveryMode="PERSISTENT"/><con:jmsPropertyConfig/><con:parameters/></con:request></con:method></con:resource></con:interface><con:interface xsi:type="con:RestService" id="f55e2e01-1baf-40c2-a5a6-ad69ce181588" wadlVersion="http://wadl.dev.java.net/2009/02" name="https://ecommerceservice.herokuapp.com" type="rest" xmlns:xsi="http://www.w3.org/2001/XMLSchema-instance"><con:settings/><con:definitionCache type="TEXT" rootPart=""/><con:endpoints><con:endpoint>https://ecommerceservice.herokuapp.com</con:endpoint></con:endpoints><con:resource name="Products" path="/products" id="8c42e729-17b3-41f5-9bfd-5c78e30d4c01"><con:settings/><con:parameters/><con:method name="Products 1" id="f920bc59-19c5-4f4e-b8ac-9b2aa767de7a" method="POST"><con:settings/><con:parameters/><con:representation type="RESPONSE"><con:mediaType>application/json; charset=utf-8</con:mediaType><con:status>200</con:status><con:params/><con:element xmlns:prod="https://ecommerceservice.herokuapp.com/products">prod:Response</con:element></con:representation><con:representation type="REQUEST"><con:mediaType>application/json</con:mediaType><con:params/></con:representation><con:request name="Create Product" id="e84771fd-ba45-4499-80f6-1aea1db92439" mediaType="application/json" postQueryString="false"><con:settings><con:setting id="com.eviware.soapui.impl.wsdl.WsdlRequest@request-headers">&lt;entry key="Authorization" value="bearer eyJhbGciOiJIUzI1NiIsInR5cCI6IkpXVCJ9.eyJfaWQiOiI2MjI3MjZiZDYyNTk4NDAwMTc0NWMwODciLCJpYXQiOjE2NDY4MTQ0NTQsImV4cCI6MTY0NjkwMDg1NH0.EODZFUXNhSoqZv9lUs87j7CXhRlkSNKysABiBaW6Y28" xmlns="http://eviware.com/soapui/config"/></con:setting></con:settings><con:endpoint>https://ecommerceservice.herokuapp.com</con:endpoint><con:request> {
	"name": "Nokia",
	"price": 200
}
</con:request><con:originalUri>https://ecommerceservice.herokuapp.com/products</con:originalUri><con:credentials><con:authType>No Authorization</con:authType></con:credentials><con:jmsConfig JMSDeliveryMode="PERSISTENT"/><con:jmsPropertyConfig/><con:parameters/></con:request></con:method></con:resource></con:interface><con:interface xsi:type="con:RestService" id="384ef84c-30c2-4250-acdc-5e82ee50f19b" wadlVersion="http://wadl.dev.java.net/2009/02" name="https://ecommerceservice.herokuapp.com" type="rest" xmlns:xsi="http://www.w3.org/2001/XMLSchema-instance"><con:settings/><con:definitionCache type="TEXT" rootPart=""/><con:endpoints><con:endpoint>https://ecommerceservice.herokuapp.com</con:endpoint></con:endpoints><con:resource name="Id" path="/products/6228eb2fd7cea500172f1551" id="d39303f9-09bb-4b01-bbda-df76a77c6bc3"><con:settings/><con:parameters/><con:method name="Id 1" id="68573ab1-3e09-4b42-b432-9e914c88efc1" method="GET"><con:settings/><con:parameters/><con:representation type="RESPONSE"><con:mediaType>application/json; charset=utf-8</con:mediaType><con:status>200</con:status><con:params/><con:element xmlns:d3d="https://ecommerceservice.herokuapp.com/products/622857d3d7cea500172f1317">d3d:Response</con:element></con:representation><con:representation type="FAULT"><con:mediaType>application/json; charset=utf-8</con:mediaType><con:status>500 404 401</con:status><con:params/><con:element xmlns:d3d="https://ecommerceservice.herokuapp.com/products/622857d3d7cea500172f1317">d3d:Fault</con:element></con:representation><con:request name="Get Product By Id" id="b3b44936-f90a-4a76-b2d6-8c05f1758aba" mediaType="application/json"><con:settings><con:setting id="com.eviware.soapui.impl.wsdl.WsdlRequest@request-headers">&lt;entry key="Authorization" value="bearer eyJhbGciOiJIUzI1NiIsInR5cCI6IkpXVCJ9.eyJfaWQiOiI2MjI3MjZiZDYyNTk4NDAwMTc0NWMwODciLCJpYXQiOjE2NDY4MTQ0NTQsImV4cCI6MTY0NjkwMDg1NH0.EODZFUXNhSoqZv9lUs87j7CXhRlkSNKysABiBaW6Y28" xmlns="http://eviware.com/soapui/config"/></con:setting></con:settings><con:endpoint>https://ecommerceservice.herokuapp.com</con:endpoint><con:request/><con:originalUri>https://ecommerceservice.herokuapp.com/products/622857d3d7cea500172f1317</con:originalUri><con:credentials><con:authType>No Authorization</con:authType></con:credentials><con:jmsConfig JMSDeliveryMode="PERSISTENT"/><con:jmsPropertyConfig/><con:parameters/><con:parameterOrder/></con:request></con:method></con:resource></con:interface><con:interface xsi:type="con:RestService" id="bbaa2ee4-1d94-4aac-bdee-6f492cee9211" wadlVersion="http://wadl.dev.java.net/2009/02" name="https://ecommerceservice.herokuapp.com" type="rest" xmlns:xsi="http://www.w3.org/2001/XMLSchema-instance"><con:settings/><con:definitionCache/><con:endpoints><con:endpoint>https://ecommerceservice.herokuapp.com</con:endpoint></con:endpoints><con:resource name="Id" path="/products/622880c7d7cea500172f1447" id="71dd2ce5-7900-4ab1-a4c7-2e231daf8e99"><con:settings/><con:parameters/><con:method name="Id 1" id="a82e1f68-b7d0-433e-a9a0-f065232d0a44" method="PATCH"><con:settings/><con:parameters/><con:representation type="FAULT"><con:mediaType>application/json; charset=utf-8</con:mediaType><con:status>400 500</con:status><con:params/><con:element xmlns:ecom="https://ecommerceservice.herokuapp.com/">ecom:Fault</con:element></con:representation><con:representation type="REQUEST"><con:mediaType>application/json</con:mediaType><con:params/></con:representation><con:representation type="RESPONSE"><con:mediaType>application/json; charset=utf-8</con:mediaType><con:status>200</con:status><con:params/><con:element xmlns:ecom="https://ecommerceservice.herokuapp.com/">ecom:Response</con:element></con:representation><con:representation type="RESPONSE"><con:mediaType xsi:nil="true"/><con:status>0</con:status><con:params/><con:element>data</con:element></con:representation><con:representation type="RESPONSE"><con:mediaType xsi:nil="true"/><con:status>0</con:status><con:params/><con:element>data</con:element></con:representation><con:request name="Update Product Id" id="8b667803-7290-4192-a037-db406639823e" mediaType="application/json" postQueryString="false"><con:settings><con:setting id="com.eviware.soapui.impl.wsdl.WsdlRequest@request-headers">&lt;entry key="Authorization" value="bearer eyJhbGciOiJIUzI1NiIsInR5cCI6IkpXVCJ9.eyJfaWQiOiI2MjI3MjZiZDYyNTk4NDAwMTc0NWMwODciLCJpYXQiOjE2NDY4MTQ0NTQsImV4cCI6MTY0NjkwMDg1NH0.EODZFUXNhSoqZv9lUs87j7CXhRlkSNKysABiBaW6Y28" xmlns="http://eviware.com/soapui/config"/></con:setting></con:settings><con:endpoint>https://ecommerceservice.herokuapp.com</con:endpoint><con:request> {
	"name": "Nokia",
	"price": 400
}
</con:request><con:originalUri>https://ecommerceservice.herokuapp.com/</con:originalUri><con:credentials><con:authType>No Authorization</con:authType></con:credentials><con:jmsConfig JMSDeliveryMode="PERSISTENT"/><con:jmsPropertyConfig/><con:parameters/><con:parameterOrder/></con:request></con:method></con:resource></con:interface><con:interface xsi:type="con:RestService" id="137bc571-d8b3-410e-b1e9-48a02f6f2062" wadlVersion="http://wadl.dev.java.net/2009/02" name="https://ecommerceservice.herokuapp.com" type="rest" xmlns:xsi="http://www.w3.org/2001/XMLSchema-instance"><con:settings/><con:definitionCache/><con:endpoints><con:endpoint>https://ecommerceservice.herokuapp.com</con:endpoint></con:endpoints><con:resource name="Id" path="/products/622865b5d7cea500172f1390" id="c68eb1cb-2151-4d0b-8e79-09e20eb5264d"><con:settings/><con:parameters/><con:method name="Id 1" id="6748514d-6cc5-4c30-a31d-f756d47215f9" method="DELETE"><con:settings/><con:parameters/><con:representation type="REQUEST"><con:mediaType>application/json</con:mediaType><con:params/></con:representation><con:representation type="RESPONSE"><con:mediaType>application/json; charset=utf-8</con:mediaType><con:status>200</con:status><con:params/><con:element xmlns:d3d="https://ecommerceservice.herokuapp.com/products/622857d3d7cea500172f1317">d3d:Response</con:element></con:representation><con:representation type="FAULT"><con:mediaType>application/json; charset=utf-8</con:mediaType><con:status>500</con:status><con:params/><con:element xmlns:d3d="https://ecommerceservice.herokuapp.com/products/622857d3d7cea500172f1317">d3d:Fault</con:element></con:representation><con:request name="Delete Product By Id" id="49b65f8d-8189-4bbb-80ba-33e28a95103a" mediaType="application/json" postQueryString="false"><con:settings><con:setting id="com.eviware.soapui.impl.wsdl.WsdlRequest@request-headers">&lt;entry key="Authorization" value="bearer eyJhbGciOiJIUzI1NiIsInR5cCI6IkpXVCJ9.eyJfaWQiOiI2MjI3MjZiZDYyNTk4NDAwMTc0NWMwODciLCJpYXQiOjE2NDY4MTQ0NTQsImV4cCI6MTY0NjkwMDg1NH0.EODZFUXNhSoqZv9lUs87j7CXhRlkSNKysABiBaW6Y28" xmlns="http://eviware.com/soapui/config"/></con:setting></con:settings><con:endpoint>https://ecommerceservice.herokuapp.com</con:endpoint><con:request/><con:originalUri>https://ecommerceservice.herokuapp.com/products/622857d3d7cea500172f1317</con:originalUri><con:credentials><con:authType>No Authorization</con:authType></con:credentials><con:jmsConfig JMSDeliveryMode="PERSISTENT"/><con:jmsPropertyConfig/><con:parameters/><con:parameterOrder/></con:request></con:method></con:resource></con:interface><con:interface xsi:type="con:RestService" id="0acead8f-6dc9-4c62-918e-187235828656" wadlVersion="http://wadl.dev.java.net/2009/02" name="https://ecommerceservice.herokuapp.com" type="rest" xmlns:xsi="http://www.w3.org/2001/XMLSchema-instance"><con:settings/><con:definitionCache/><con:endpoints><con:endpoint>https://ecommerceservice.herokuapp.com</con:endpoint></con:endpoints><con:resource name="Orders" path="/orders" id="193b1e7b-c1bc-440a-abb1-6638ca239f35"><con:settings/><con:parameters/><con:method name="Orders 1" id="b7f9f535-16b2-450a-b66d-e105f27f1031" method="GET"><con:settings/><con:parameters/><con:representation type="RESPONSE"><con:mediaType>application/json; charset=utf-8</con:mediaType><con:status>200</con:status><con:params/><con:element xmlns:ord="https://ecommerceservice.herokuapp.com/orders">ord:Response</con:element></con:representation><con:representation type="FAULT"><con:mediaType>application/json; charset=utf-8</con:mediaType><con:status>500</con:status><con:params/><con:element xmlns:ord="https://ecommerceservice.herokuapp.com/orders">ord:Fault</con:element></con:representation><con:request name="Get All Order" id="5776c44d-f6ef-4a78-b4a8-d54f268d3413" mediaType="application/json"><con:settings><con:setting id="com.eviware.soapui.impl.wsdl.WsdlRequest@request-headers">&lt;entry key="Authorization" value="bearer eyJhbGciOiJIUzI1NiIsInR5cCI6IkpXVCJ9.eyJfaWQiOiI2MjI3MjZiZDYyNTk4NDAwMTc0NWMwODciLCJpYXQiOjE2NDY4MTQ0NTQsImV4cCI6MTY0NjkwMDg1NH0.EODZFUXNhSoqZv9lUs87j7CXhRlkSNKysABiBaW6Y28" xmlns="http://eviware.com/soapui/config"/></con:setting></con:settings><con:endpoint>https://ecommerceservice.herokuapp.com</con:endpoint><con:request/><con:originalUri>https://ecommerceservice.herokuapp.com/orders</con:originalUri><con:credentials><con:authType>No Authorization</con:authType></con:credentials><con:jmsConfig JMSDeliveryMode="PERSISTENT"/><con:jmsPropertyConfig/><con:parameters/></con:request></con:method></con:resource></con:interface><con:interface xsi:type="con:RestService" id="0c55abb9-740a-4801-beb3-435de8530fea" wadlVersion="http://wadl.dev.java.net/2009/02" name="https://ecommerceservice.herokuapp.com" type="rest" xmlns:xsi="http://www.w3.org/2001/XMLSchema-instance"><con:settings/><con:definitionCache/><con:endpoints><con:endpoint>https://ecommerceservice.herokuapp.com</con:endpoint></con:endpoints><con:resource name="Orders" path="/orders" id="345f17f4-57de-4086-80ac-39e77e90e12c"><con:settings/><con:parameters/><con:method name="Orders 1" id="b4782fee-dfad-4608-a954-ac5a55580a4c" method="POST"><con:settings/><con:parameters/><con:representation type="FAULT"><con:mediaType>application/json; charset=utf-8</con:mediaType><con:status>404 500</con:status><con:params/><con:element xmlns:ord="https://ecommerceservice.herokuapp.com/orders">ord:Fault</con:element></con:representation><con:representation type="REQUEST"><con:mediaType>application/json</con:mediaType><con:params/></con:representation><con:representation type="RESPONSE"><con:mediaType>application/json; charset=utf-8</con:mediaType><con:status>201</con:status><con:params/><con:element xmlns:ord="https://ecommerceservice.herokuapp.com/orders">ord:Response</con:element></con:representation><con:request name="Create Order By Id" id="6c32e66f-8340-40bd-bd30-d8b47092c922" mediaType="application/json" postQueryString="false"><con:settings><con:setting id="com.eviware.soapui.impl.wsdl.WsdlRequest@request-headers">&lt;entry key="Authorization" value="bearer eyJhbGciOiJIUzI1NiIsInR5cCI6IkpXVCJ9.eyJfaWQiOiI2MjI3MjZiZDYyNTk4NDAwMTc0NWMwODciLCJpYXQiOjE2NDY4MTQ0NTQsImV4cCI6MTY0NjkwMDg1NH0.EODZFUXNhSoqZv9lUs87j7CXhRlkSNKysABiBaW6Y28" xmlns="http://eviware.com/soapui/config"/></con:setting></con:settings><con:endpoint>https://ecommerceservice.herokuapp.com</con:endpoint><con:request>{
	"product": "622776f11fccff0017b3c778",
	"quantity": 50
}
</con:request><con:originalUri>https://ecommerceservice.herokuapp.com/orders</con:originalUri><con:credentials><con:authType>No Authorization</con:authType></con:credentials><con:jmsConfig JMSDeliveryMode="PERSISTENT"/><con:jmsPropertyConfig/><con:parameters/></con:request></con:method></con:resource></con:interface><con:interface xsi:type="con:RestService" id="79bcb6f7-29ac-4ef0-8a10-70d003c1ad68" wadlVersion="http://wadl.dev.java.net/2009/02" name="https://ecommerceservice.herokuapp.com" type="rest" xmlns:xsi="http://www.w3.org/2001/XMLSchema-instance"><con:settings/><con:definitionCache/><con:endpoints><con:endpoint>https://ecommerceservice.herokuapp.com</con:endpoint></con:endpoints><con:resource name="Id" path="/orders/62285e1fd7cea500172f1346" id="8cef2a27-99ba-49b1-8f02-167067766ac3"><con:settings/><con:parameters/><con:method name="Id 1" id="4ba7c90d-040a-451d-85d7-ecc96ed49b32" method="GET"><con:settings/><con:parameters/><con:representation type="RESPONSE"><con:mediaType>application/json; charset=utf-8</con:mediaType><con:status>201</con:status><con:params/><con:element xmlns:e1f="https://ecommerceservice.herokuapp.com/orders/62285e1fd7cea500172f1346">e1f:Response</con:element></con:representation><con:representation type="FAULT"><con:mediaType>application/json; charset=utf-8</con:mediaType><con:status>500</con:status><con:params/><con:element xmlns:e1f="https://ecommerceservice.herokuapp.com/orders/62285e1fd7cea500172f1346">e1f:Fault</con:element></con:representation><con:request name="Get Order By Id" id="e9d35e5a-b702-4f11-b060-8269bc53de93" mediaType="application/json"><con:settings><con:setting id="com.eviware.soapui.impl.wsdl.WsdlRequest@request-headers">&lt;entry key="Authorization" value="bearer eyJhbGciOiJIUzI1NiIsInR5cCI6IkpXVCJ9.eyJfaWQiOiI2MjI3MjZiZDYyNTk4NDAwMTc0NWMwODciLCJpYXQiOjE2NDY4MTQ0NTQsImV4cCI6MTY0NjkwMDg1NH0.EODZFUXNhSoqZv9lUs87j7CXhRlkSNKysABiBaW6Y28" xmlns="http://eviware.com/soapui/config"/></con:setting></con:settings><con:endpoint>https://ecommerceservice.herokuapp.com</con:endpoint><con:request/><con:originalUri>https://ecommerceservice.herokuapp.com/orders/62285e1fd7cea500172f1346</con:originalUri><con:credentials><con:authType>No Authorization</con:authType></con:credentials><con:jmsConfig JMSDeliveryMode="PERSISTENT"/><con:jmsPropertyConfig/><con:parameters/><con:parameterOrder/></con:request></con:method></con:resource></con:interface><con:interface xsi:type="con:RestService" id="edd18758-9e83-45dd-bc58-077be5bc7961" wadlVersion="http://wadl.dev.java.net/2009/02" name="https://ecommerceservice.herokuapp.com" type="rest" xmlns:xsi="http://www.w3.org/2001/XMLSchema-instance"><con:settings/><con:definitionCache/><con:endpoints><con:endpoint>https://ecommerceservice.herokuapp.com</con:endpoint></con:endpoints><con:resource name="Id" path="/orders/62285e1fd7cea500172f1346" id="c89c7107-70b1-4808-8d78-d1ba8e503d9b"><con:settings/><con:parameters/><con:method name="Id 1" id="9a844ded-0786-492e-98a9-1aaae72304e7" method="PATCH"><con:settings/><con:parameters/><con:representation type="REQUEST"><con:mediaType>application/json</con:mediaType><con:params/></con:representation><con:representation type="FAULT"><con:mediaType>application/json; charset=utf-8</con:mediaType><con:status>500</con:status><con:params/><con:element xmlns:e1f="https://ecommerceservice.herokuapp.com/orders/62285e1fd7cea500172f1346">e1f:Fault</con:element></con:representation><con:representation type="RESPONSE"><con:mediaType>application/json; charset=utf-8</con:mediaType><con:status>200</con:status><con:params/><con:element xmlns:e1f="https://ecommerceservice.herokuapp.com/orders/62285e1fd7cea500172f1346">e1f:Response</con:element></con:representation><con:request name="Update Order by Id" id="f34f8036-0dba-464c-823e-1d4b30a5170a" mediaType="application/json" postQueryString="false"><con:settings><con:setting id="com.eviware.soapui.impl.wsdl.WsdlRequest@request-headers">&lt;entry key="Authorization" value="bearer eyJhbGciOiJIUzI1NiIsInR5cCI6IkpXVCJ9.eyJfaWQiOiI2MjI3MjZiZDYyNTk4NDAwMTc0NWMwODciLCJpYXQiOjE2NDY4MTQ0NTQsImV4cCI6MTY0NjkwMDg1NH0.EODZFUXNhSoqZv9lUs87j7CXhRlkSNKysABiBaW6Y28" xmlns="http://eviware.com/soapui/config"/></con:setting></con:settings><con:endpoint>https://ecommerceservice.herokuapp.com</con:endpoint><con:request>{
	"product": "62285e1fd7cea500172f1346",
	"quantity": 50
}
</con:request><con:originalUri>https://ecommerceservice.herokuapp.com/orders/62285e1fd7cea500172f1346</con:originalUri><con:credentials><con:authType>No Authorization</con:authType></con:credentials><con:jmsConfig JMSDeliveryMode="PERSISTENT"/><con:jmsPropertyConfig/><con:parameters/><con:parameterOrder/></con:request></con:method></con:resource></con:interface><con:interface xsi:type="con:RestService" id="92563499-fafa-4aa7-884f-09d319ac8764" wadlVersion="http://wadl.dev.java.net/2009/02" name="https://ecommerceservice.herokuapp.com" type="rest" xmlns:xsi="http://www.w3.org/2001/XMLSchema-instance"><con:settings/><con:definitionCache/><con:endpoints><con:endpoint>https://ecommerceservice.herokuapp.com</con:endpoint></con:endpoints><con:resource name="Id" path="/orders/{{id}}" id="85b666e1-f11b-47bd-b671-9cd8f7ac78d7"><con:settings/><con:parameters/><con:method name="Id 1" id="9f39c6ba-1080-4075-80ce-54a09b16b41c" method="DELETE"><con:settings/><con:parameters/><con:request name="Delete Order By Id" id="f93af0f5-71a5-48fa-8ae9-87ef52c21681" mediaType="application/json" postQueryString="false"><con:settings><con:setting id="com.eviware.soapui.impl.wsdl.WsdlRequest@request-headers">&lt;xml-fragment/></con:setting></con:settings><con:endpoint>https://ecommerceservice.herokuapp.com</con:endpoint><con:request/><con:credentials><con:authType>No Authorization</con:authType></con:credentials><con:jmsConfig JMSDeliveryMode="PERSISTENT"/><con:jmsPropertyConfig/><con:parameters/><con:parameterOrder/></con:request></con:method></con:resource></con:interface><con:testSuite id="f9d764cb-c108-477c-9877-98307e79f84d" name="Functional Testing"><con:settings/><con:runType>SEQUENTIAL</con:runType><con:testCase id="a12f5bef-9ad2-42df-b9c9-663b3f865288" failOnError="true" failTestCaseOnErrors="true" keepSession="false" maxResults="0" name="Script Base Execution" searchProperties="true"><con:settings/><con:testStep type="restrequest" name="SignUp" id="d71ed118-27fb-409d-a2ec-d3c00d3a147d" disabled="true"><con:settings/><con:config service="https://ecommerceservice.herokuapp.com" resourcePath="/user/signup" methodName="Signup 1" xsi:type="con:RestRequestStep" xmlns:xsi="http://www.w3.org/2001/XMLSchema-instance"><con:restRequest name="SignUp" id="a6b387bf-4092-4a9a-bcbb-2323001bd2f0" mediaType="application/json" postQueryString="false"><con:settings><con:setting id="com.eviware.soapui.impl.wsdl.WsdlRequest@request-headers">&lt;xml-fragment/></con:setting></con:settings><con:endpoint>https://ecommerceservice.herokuapp.com</con:endpoint><con:request> {
	"email": "saksham1122@gmail.com",
	"password": "krishna@123"
}
</con:request><con:originalUri>https://ecommerceservice.herokuapp.com/user/signup</con:originalUri><con:assertion type="Valid HTTP Status Codes" id="9f23eba3-ff0e-4ebd-8f88-15e1e7fd688e" name="Valid HTTP Status Codes"><con:configuration><codes>201</codes></con:configuration></con:assertion><con:credentials><con:authType>No Authorization</con:authType></con:credentials><con:jmsConfig JMSDeliveryMode="PERSISTENT"/><con:jmsPropertyConfig/><con:parameters/></con:restRequest></con:config></con:testStep><con:testStep type="restrequest" name="Login" id="5e12e5a7-0162-414d-9289-d0705ec2eb6e"><con:settings/><con:config service="https://ecommerceservice.herokuapp.com" resourcePath="/user/login" methodName="Login 1" xsi:type="con:RestRequestStep" xmlns:xsi="http://www.w3.org/2001/XMLSchema-instance"><con:restRequest name="Login" id="10dbf82c-de9c-4c6f-9130-8eb48efd19de" mediaType="application/json" postQueryString="false"><con:settings><con:setting id="com.eviware.soapui.impl.wsdl.WsdlRequest@request-headers">&lt;entry key="Authorization" value="${#TestSuite#Token}" xmlns="http://eviware.com/soapui/config"/></con:setting></con:settings><con:endpoint>https://ecommerceservice.herokuapp.com</con:endpoint><con:request> {
	"email": "saksham1@gmail.com",
	"password": "krishna@123"
}
</con:request><con:originalUri>https://ecommerceservice.herokuapp.com/user/login</con:originalUri><con:assertion type="Valid HTTP Status Codes" id="f4b68175-d23f-4ba1-a19a-f93f9b85a761" name="Valid HTTP Status Codes"><con:configuration><codes>200</codes></con:configuration></con:assertion><con:credentials><con:authType>No Authorization</con:authType></con:credentials><con:jmsConfig JMSDeliveryMode="PERSISTENT"/><con:jmsPropertyConfig/><con:parameters/></con:restRequest></con:config></con:testStep><con:testStep type="groovy" name="Groovy Script" id="20b9606e-6362-4556-b5d8-1a53b913a78b"><con:settings/><con:config><script>
import groovy.json.JsonSlurper
def response = context.testCase.getTestStepByName("Login").getPropertyValue("Response")
def holder = new JsonSlurper().parseText(response)
def Token = holder.accessToken
context.testCase.testSuite.setPropertyValue("Token","bearer "+Token)</script></con:config></con:testStep><con:testStep type="restrequest" name="Get all User" id="3d372876-ca42-401e-9d4a-9a4a727290ce"><con:settings/><con:config service="https://ecommerceservice.herokuapp.com" resourcePath="/user" methodName="User 1" xsi:type="con:RestRequestStep" xmlns:xsi="http://www.w3.org/2001/XMLSchema-instance"><con:restRequest name="Get all User" id="9f0cfa8f-1925-409b-9076-ec32240f9691" mediaType="application/json"><con:settings><con:setting id="com.eviware.soapui.impl.wsdl.WsdlRequest@request-headers">&lt;entry key="Authorization" value="${#TestSuite#Token}" xmlns="http://eviware.com/soapui/config"/></con:setting></con:settings><con:endpoint>https://ecommerceservice.herokuapp.com</con:endpoint><con:request/><con:originalUri>https://ecommerceservice.herokuapp.com/user</con:originalUri><con:assertion type="Valid HTTP Status Codes" id="b4ceb2d4-ea29-4570-8be0-ad34c0e19abc" name="Valid HTTP Status Codes"><con:configuration><codes>200</codes></con:configuration></con:assertion><con:credentials><con:authType>No Authorization</con:authType></con:credentials><con:jmsConfig JMSDeliveryMode="PERSISTENT"/><con:jmsPropertyConfig/><con:parameters/></con:restRequest></con:config></con:testStep><con:testStep type="restrequest" name="Delete" id="4373e8fc-70c5-4a4e-9e3b-4c09742a94f6"><con:settings/><con:config service="https://ecommerceservice.herokuapp.com" resourcePath="/user/6227157d625984001745bfa4" methodName="Id 1" xsi:type="con:RestRequestStep" xmlns:xsi="http://www.w3.org/2001/XMLSchema-instance"><con:restRequest name="Delete" id="52081bf7-2af3-41d7-a565-47ad76d8949f" mediaType="application/json" postQueryString="false"><con:settings><con:setting id="com.eviware.soapui.impl.wsdl.WsdlRequest@request-headers">&lt;entry key="Authorization" value="${#TestSuite#Token}" xmlns="http://eviware.com/soapui/config"/></con:setting></con:settings><con:endpoint>https://ecommerceservice.herokuapp.com</con:endpoint><con:request/><con:originalUri>https://ecommerceservice.herokuapp.com/user/62271101625984001745bf95</con:originalUri><con:assertion type="Valid HTTP Status Codes" id="24af62c8-5bce-4ff2-99bc-8b47551aec27" name="Valid HTTP Status Codes"><con:configuration><codes>200</codes></con:configuration></con:assertion><con:credentials><con:authType>No Authorization</con:authType></con:credentials><con:jmsConfig JMSDeliveryMode="PERSISTENT"/><con:jmsPropertyConfig/><con:parameters/><con:parameterOrder/></con:restRequest></con:config></con:testStep><con:properties/></con:testCase><con:testCase id="387bbdf9-a7c0-460e-8904-a8e2dda3946c" failOnError="true" failTestCaseOnErrors="true" keepSession="false" maxResults="0" name="Property Expansion" searchProperties="true"><con:settings/><con:testStep type="properties" name="Properties" id="2e639950-dd9a-4eb4-ba1c-553c98fed9b8"><con:settings/><con:config xsi:type="con:PropertiesStep" saveFirst="true" xmlns:xsi="http://www.w3.org/2001/XMLSchema-instance"><con:properties><con:property><con:name>email</con:name><con:value>dewdsd@gmail.com</con:value></con:property><con:property><con:name>password</con:name><con:value>Agrawal</con:value></con:property></con:properties></con:config></con:testStep><con:testStep type="restrequest" name="SignUp" id="89914e1c-2851-416f-8fb9-72bea2eae7b1" disabled="true"><con:settings/><con:config service="https://ecommerceservice.herokuapp.com" resourcePath="/user/signup" methodName="Signup 1" xsi:type="con:RestRequestStep" xmlns:xsi="http://www.w3.org/2001/XMLSchema-instance"><con:restRequest name="SignUp" id="a6b387bf-4092-4a9a-bcbb-2323001bd2f0" mediaType="application/json" postQueryString="false"><con:settings><con:setting id="com.eviware.soapui.impl.wsdl.WsdlRequest@request-headers">&lt;xml-fragment/></con:setting></con:settings><con:endpoint>https://ecommerceservice.herokuapp.com</con:endpoint><con:request> {
	"email": "${Properties#email}",
	"password": "${Properties#password}"
}
</con:request><con:originalUri>https://ecommerceservice.herokuapp.com/user/signup</con:originalUri><con:assertion type="Valid HTTP Status Codes" id="83968091-e5f4-42f2-b8ec-318836ae9bcd" name="Valid HTTP Status Codes"><con:configuration><codes>201</codes></con:configuration></con:assertion><con:credentials><con:authType>No Authorization</con:authType></con:credentials><con:jmsConfig JMSDeliveryMode="PERSISTENT"/><con:jmsPropertyConfig/><con:parameters/></con:restRequest></con:config></con:testStep><con:testStep type="restrequest" name="Login" id="567d5451-145f-40c8-90c4-2d8b5bbfca82"><con:settings/><con:config service="https://ecommerceservice.herokuapp.com" resourcePath="/user/login" methodName="Login 1" xsi:type="con:RestRequestStep" xmlns:xsi="http://www.w3.org/2001/XMLSchema-instance"><con:restRequest name="Login" id="10dbf82c-de9c-4c6f-9130-8eb48efd19de" mediaType="application/json" postQueryString="false"><con:settings><con:setting id="com.eviware.soapui.impl.wsdl.WsdlRequest@request-headers">&lt;xml-fragment/></con:setting></con:settings><con:endpoint>https://ecommerceservice.herokuapp.com</con:endpoint><con:request> {
	"email": "${Properties#email}",
	"password": "${Properties#password}"
}</con:request><con:originalUri>https://ecommerceservice.herokuapp.com/user/login</con:originalUri><con:assertion type="Valid HTTP Status Codes" id="87a2d780-8ba8-42f1-8117-bc5c7a3772b8" name="Valid HTTP Status Codes"><con:configuration><codes>200</codes></con:configuration></con:assertion><con:assertion type="GroovyScriptAssertion" id="a065ed6e-24e4-4834-8902-5eced537a0af" name="Script Assertion"><con:configuration><scriptText>import groovy.json.JsonSlurper
def response = context.testCase.getTestStepByName("Login").getPropertyValue("Response")
def holder = new JsonSlurper().parseText(response)
def Token = holder.accessToken
context.testCase.testSuite.setPropertyValue("Token", "bearer " +Token)</scriptText></con:configuration></con:assertion><con:credentials><con:authType>No Authorization</con:authType></con:credentials><con:jmsConfig JMSDeliveryMode="PERSISTENT"/><con:jmsPropertyConfig/><con:parameters/></con:restRequest></con:config></con:testStep><con:testStep type="restrequest" name="Get All User" id="a607dd09-23a5-43b1-bdfd-c5d4583ec1cf"><con:settings/><con:config service="https://ecommerceservice.herokuapp.com" resourcePath="/user" methodName="User 1" xsi:type="con:RestRequestStep" xmlns:xsi="http://www.w3.org/2001/XMLSchema-instance"><con:restRequest name="Get All User" id="9f0cfa8f-1925-409b-9076-ec32240f9691" mediaType="application/json"><con:settings><con:setting id="com.eviware.soapui.impl.wsdl.WsdlRequest@request-headers">&lt;entry key="Authorization" value="${#TestSuite#Token}" xmlns="http://eviware.com/soapui/config"/></con:setting></con:settings><con:endpoint>https://ecommerceservice.herokuapp.com</con:endpoint><con:request/><con:originalUri>https://ecommerceservice.herokuapp.com/user</con:originalUri><con:assertion type="Valid HTTP Status Codes" id="003a3e1d-6fdb-499f-a99c-88d4b48a05d8" name="Valid HTTP Status Codes"><con:configuration><codes>200</codes></con:configuration></con:assertion><con:assertion type="JsonPath Count" id="d1d3e7b3-ea8c-4455-8f2e-85f19b3c7512" name="JsonPath Count" disabled="true"><con:configuration><path>users</path><content>279</content><allowWildcards>false</allowWildcards><ignoreNamspaceDifferences>false</ignoreNamspaceDifferences><ignoreComments>false</ignoreComments></con:configuration></con:assertion><con:assertion type="JsonPath Existence Match" id="4ac5113f-f1ba-40e0-b1c0-6a2e6bb4fa29" name="JsonPath Existence Match"><con:configuration><path>users[222]</path><content>true</content><allowWildcards>false</allowWildcards><ignoreNamspaceDifferences>false</ignoreNamspaceDifferences><ignoreComments>false</ignoreComments></con:configuration></con:assertion><con:assertion type="JsonPath Match" id="bbd9650d-2938-4edc-a74c-879807dddfd3" name="JsonPath Match" disabled="true"><con:configuration><path>Users[?(@.email=='ankur4590211211@gmail.com')].</path><content/><allowWildcards>false</allowWildcards><ignoreNamspaceDifferences>false</ignoreNamspaceDifferences><ignoreComments>false</ignoreComments></con:configuration></con:assertion><con:assertion type="GroovyScriptAssertion" id="d2054f6e-f8e4-4a9d-9b23-4eff487e0d0b" name="Script Assertion"><con:configuration><scriptText>import groovy.json.JsonSlurper
def response = context.testCase.getTestStepByName("Get All User").getPropertyValue("response")
def holder = new JsonSlurper().parseText(response)
def count = holder.count.toInteger()
for(def i=0;i&lt;count;i++)
{
	if(holder.users[i].email=="Shesha858.7@gmail.com")
	{
		def id = holder.users[i]._id
		log.info id
		def id1 = id.toString()
		context.testCase.testSuite.setPropertyValue("id",id1)
	}
}
</scriptText></con:configuration></con:assertion><con:credentials><con:authType>No Authorization</con:authType></con:credentials><con:jmsConfig JMSDeliveryMode="PERSISTENT"/><con:jmsPropertyConfig/><con:parameters/></con:restRequest></con:config></con:testStep><con:testStep type="restrequest" name="Delete" id="9e0b65d5-dc8a-4493-b4ec-05fe750ea227"><con:settings/><con:config service="https://ecommerceservice.herokuapp.com" resourcePath="/user/6227157d625984001745bfa4" methodName="Id 1" xsi:type="con:RestRequestStep" xmlns:xsi="http://www.w3.org/2001/XMLSchema-instance"><con:restRequest name="Delete" id="52081bf7-2af3-41d7-a565-47ad76d8949f" mediaType="application/json" postQueryString="false"><con:settings><con:setting id="com.eviware.soapui.impl.wsdl.WsdlRequest@request-headers">&lt;entry key="Authorization" value="${#TestSuite#Token}" xmlns="http://eviware.com/soapui/config"/></con:setting></con:settings><con:endpoint>https://ecommerceservice.herokuapp.com</con:endpoint><con:request/><con:originalUri>https://ecommerceservice.herokuapp.com/user/62271101625984001745bf95</con:originalUri><con:assertion type="Valid HTTP Status Codes" id="ac9b4984-b593-4d3e-82a3-4135d76888a7" name="Valid HTTP Status Codes"><con:configuration><codes>200</codes></con:configuration></con:assertion><con:assertion type="GroovyScriptAssertion" id="3597bddd-c0cb-4f1d-be2d-d1276f150da8" name="Script Assertion"><con:configuration><scriptText>// We need to input the library to read json files
import groovy.json.JsonSlurper
//we need to store the response
def response = context.testCase.getTestStepByName("Get All User").getPropertyValue("Response")
//Stripping the response into a json script
def holder = new JsonSlurper().parseText(response)
// getting only the count
// def count = holder.count
def id = holder.users[200]._id
context.testCase.testSuite.setPropertyValue("id", id)
// holding the count
/*for(def i=0; i&lt; count; i++){
	if(holder.users[i].email == 'sachi@gmail.com'){
		def id = holder.users[i]._id
		log.info id
		def idle = id.toString()
		context.testCase.testSuite.setPropertyValue("id", idle)
	}
}
*/</scriptText></con:configuration></con:assertion><con:credentials><con:authType>No Authorization</con:authType></con:credentials><con:jmsConfig JMSDeliveryMode="PERSISTENT"/><con:jmsPropertyConfig/><con:parameters/><con:parameterOrder/></con:restRequest></con:config></con:testStep><con:properties/></con:testCase><con:testCase id="6723b8db-ab01-4641-878b-74ff63a83c22" failOnError="true" failTestCaseOnErrors="true" keepSession="false" maxResults="0" name="Scriptbase" searchProperties="true"><con:settings/><con:testStep type="restrequest" name="Get All Product" id="bdec47b6-11a5-4871-95d4-faebb2079324"><con:settings/><con:config service="https://ecommerceservice.herokuapp.com" resourcePath="/products" methodName="Products 1" xsi:type="con:RestRequestStep" xmlns:xsi="http://www.w3.org/2001/XMLSchema-instance"><con:restRequest name="Get All Product" id="5230f772-d2b3-4e86-bc0b-53b99883969b" mediaType="application/json" postQueryString="false"><con:settings><con:setting id="com.eviware.soapui.impl.wsdl.WsdlRequest@request-headers">&lt;entry key="Authorization" value="bearer eyJhbGciOiJIUzI1NiIsInR5cCI6IkpXVCJ9.eyJfaWQiOiI2MjI3MjZiZDYyNTk4NDAwMTc0NWMwODciLCJpYXQiOjE2NDY4MTQ0NTQsImV4cCI6MTY0NjkwMDg1NH0.EODZFUXNhSoqZv9lUs87j7CXhRlkSNKysABiBaW6Y28" xmlns="http://eviware.com/soapui/config"/></con:setting></con:settings><con:endpoint>https://ecommerceservice.herokuapp.com</con:endpoint><con:request/><con:originalUri>https://ecommerceservice.herokuapp.com/products</con:originalUri><con:assertion type="Valid HTTP Status Codes" id="22e20493-a7bf-4e5e-822c-1bab74679bf0" name="Valid HTTP Status Codes"><con:configuration><codes>200</codes></con:configuration></con:assertion><con:credentials><con:authType>No Authorization</con:authType></con:credentials><con:jmsConfig JMSDeliveryMode="PERSISTENT"/><con:jmsPropertyConfig/><con:parameters/></con:restRequest></con:config></con:testStep><con:testStep type="restrequest" name="Create" id="679e0763-dc71-4e86-a4a4-0be017ff108f"><con:settings/><con:config service="https://ecommerceservice.herokuapp.com" resourcePath="/products" methodName="Products 1" xsi:type="con:RestRequestStep" xmlns:xsi="http://www.w3.org/2001/XMLSchema-instance"><con:restRequest name="Create" id="2b5c6991-35af-4fdf-9375-1974db895f5e" mediaType="application/json" postQueryString="false"><con:settings><con:setting id="com.eviware.soapui.impl.wsdl.WsdlRequest@request-headers">&lt;entry key="Authorization" value="bearer eyJhbGciOiJIUzI1NiIsInR5cCI6IkpXVCJ9.eyJfaWQiOiI2MjI3MjZiZDYyNTk4NDAwMTc0NWMwODciLCJpYXQiOjE2NDY4MTQ0NTQsImV4cCI6MTY0NjkwMDg1NH0.EODZFUXNhSoqZv9lUs87j7CXhRlkSNKysABiBaW6Y28" xmlns="http://eviware.com/soapui/config"/></con:setting></con:settings><con:endpoint>https://ecommerceservice.herokuapp.com</con:endpoint><con:request>{
	"name":"nodfdki",
	"price": 227
}
</con:request><con:originalUri>https://ecommerceservice.herokuapp.com/products</con:originalUri><con:assertion type="Valid HTTP Status Codes" id="2dede020-21c5-47e7-a778-d6df132f7702" name="Valid HTTP Status Codes"><con:configuration><codes>200</codes></con:configuration></con:assertion><con:credentials><con:authType>No Authorization</con:authType></con:credentials><con:jmsConfig JMSDeliveryMode="PERSISTENT"/><con:jmsPropertyConfig/><con:parameters/></con:restRequest></con:config></con:testStep><con:testStep type="groovy" name="Groovy Script" id="7cc2be83-1ab1-41d0-88c4-62c9aa8908a3"><con:settings/><con:config><script>import groovy.json.JsonSlurper
def response = context.testCase.getTestStepByName("Get All Product").getPropertyValue("response")
def holder = new JsonSlurper().parseText(response)
def count = holder.count.toInteger()
for(def i=0;i&lt;count;i++)
{
	if(holder.products[i].name=="Nokia")
	{
		def id = holder.products[i]._id
		log.info id
		def Token = id.toString()
		context.testCase.testSuite.setPropertyValue("Token","bearer "+Token )
		//context.testCase.setPropertyValue("idP",id21)
//i want to access this acroos project level
		//context.testCase.testSuite.project.setPropertyValue("idP",id21)
	}
}</script></con:config></con:testStep><con:testStep type="restrequest" name="Get By Id" id="e523f7d8-6538-47d9-90b6-72ac0870dcf4"><con:settings/><con:config service="https://ecommerceservice.herokuapp.com" resourcePath="/products/6228eb2fd7cea500172f1551" methodName="Id 1" xsi:type="con:RestRequestStep" xmlns:xsi="http://www.w3.org/2001/XMLSchema-instance"><con:restRequest name="Get By Id" id="b3b44936-f90a-4a76-b2d6-8c05f1758aba" mediaType="application/json"><con:settings><con:setting id="com.eviware.soapui.impl.wsdl.WsdlRequest@request-headers">&lt;entry key="Authorization" value="bearer eyJhbGciOiJIUzI1NiIsInR5cCI6IkpXVCJ9.eyJfaWQiOiI2MjI3MjZiZDYyNTk4NDAwMTc0NWMwODciLCJpYXQiOjE2NDY4MTQ0NTQsImV4cCI6MTY0NjkwMDg1NH0.EODZFUXNhSoqZv9lUs87j7CXhRlkSNKysABiBaW6Y28" xmlns="http://eviware.com/soapui/config"/></con:setting></con:settings><con:endpoint>https://ecommerceservice.herokuapp.com</con:endpoint><con:request/><con:originalUri>https://ecommerceservice.herokuapp.com/products/622857d3d7cea500172f1317</con:originalUri><con:assertion type="Valid HTTP Status Codes" id="fb50b2ad-b0f9-4bdc-b7e7-05053ef6be55" name="Valid HTTP Status Codes"><con:configuration><codes>200</codes></con:configuration></con:assertion><con:credentials><con:authType>No Authorization</con:authType></con:credentials><con:jmsConfig JMSDeliveryMode="PERSISTENT"/><con:jmsPropertyConfig/><con:parameters/><con:parameterOrder/></con:restRequest></con:config></con:testStep><con:testStep type="restrequest" name="Update By Id" id="0ee09da4-9ab3-45a6-a055-e1723894d3e0"><con:settings/><con:config service="https://ecommerceservice.herokuapp.com" resourcePath="/products/6228eb2fd7cea500172f1551" methodName="Id 1" xsi:type="con:RestRequestStep" xmlns:xsi="http://www.w3.org/2001/XMLSchema-instance"><con:restRequest name="Update By Id" id="8b667803-7290-4192-a037-db406639823e" mediaType="application/json" postQueryString="false"><con:settings><con:setting id="com.eviware.soapui.impl.wsdl.WsdlRequest@request-headers">&lt;entry key="Authorization" value="bearer eyJhbGciOiJIUzI1NiIsInR5cCI6IkpXVCJ9.eyJfaWQiOiI2MjI3MjZiZDYyNTk4NDAwMTc0NWMwODciLCJpYXQiOjE2NDY4MTQ0NTQsImV4cCI6MTY0NjkwMDg1NH0.EODZFUXNhSoqZv9lUs87j7CXhRlkSNKysABiBaW6Y28" xmlns="http://eviware.com/soapui/config"/></con:setting></con:settings><con:endpoint>https://ecommerceservice.herokuapp.com</con:endpoint><con:request> {
	"name": "Nokia",
	"price": 400
}
</con:request><con:originalUri>https://ecommerceservice.herokuapp.com/</con:originalUri><con:assertion type="Valid HTTP Status Codes" id="679379f8-44e9-444c-b4db-65464fd2f6a2" name="Valid HTTP Status Codes"><con:configuration><codes>200</codes></con:configuration></con:assertion><con:credentials><con:authType>No Authorization</con:authType></con:credentials><con:jmsConfig JMSDeliveryMode="PERSISTENT"/><con:jmsPropertyConfig/><con:parameters/><con:parameterOrder/></con:restRequest></con:config></con:testStep><con:properties><con:property><con:name>idP</con:name><con:value>62287c71d7cea500172f1431</con:value></con:property></con:properties></con:testCase><con:testCase id="0857c7dc-1b83-434e-8d74-dffe41976577" failOnError="true" failTestCaseOnErrors="true" keepSession="false" maxResults="0" name="Order Script Based Execution" searchProperties="true"><con:settings/><con:testStep type="restrequest" name="Get All Product" id="59eef3b4-1cc3-4f5c-96b0-b34f8957ea0d"><con:settings/><con:config service="https://ecommerceservice.herokuapp.com" resourcePath="/orders" methodName="Orders 1" xsi:type="con:RestRequestStep" xmlns:xsi="http://www.w3.org/2001/XMLSchema-instance"><con:restRequest name="Get All Product" id="5776c44d-f6ef-4a78-b4a8-d54f268d3413" mediaType="application/json"><con:settings><con:setting id="com.eviware.soapui.impl.wsdl.WsdlRequest@request-headers">&lt;entry key="Authorization" value="bearer eyJhbGciOiJIUzI1NiIsInR5cCI6IkpXVCJ9.eyJfaWQiOiI2MjI3MjZiZDYyNTk4NDAwMTc0NWMwODciLCJpYXQiOjE2NDY4MTQ0NTQsImV4cCI6MTY0NjkwMDg1NH0.EODZFUXNhSoqZv9lUs87j7CXhRlkSNKysABiBaW6Y28" xmlns="http://eviware.com/soapui/config"/></con:setting></con:settings><con:endpoint>https://ecommerceservice.herokuapp.com</con:endpoint><con:request/><con:originalUri>https://ecommerceservice.herokuapp.com/orders</con:originalUri><con:credentials><con:authType>No Authorization</con:authType></con:credentials><con:jmsConfig JMSDeliveryMode="PERSISTENT"/><con:jmsPropertyConfig/><con:parameters/></con:restRequest></con:config></con:testStep><con:testStep type="restrequest" name="Create Order By Id" id="0830b1a4-8aae-4aba-b8bb-b478e0580226"><con:settings/><con:config service="https://ecommerceservice.herokuapp.com" resourcePath="/orders" methodName="Orders 1" xsi:type="con:RestRequestStep" xmlns:xsi="http://www.w3.org/2001/XMLSchema-instance"><con:restRequest name="Create Order By Id" id="6c32e66f-8340-40bd-bd30-d8b47092c922" mediaType="application/json" postQueryString="false"><con:settings><con:setting id="com.eviware.soapui.impl.wsdl.WsdlRequest@request-headers">&lt;entry key="Authorization" value="bearer eyJhbGciOiJIUzI1NiIsInR5cCI6IkpXVCJ9.eyJfaWQiOiI2MjI3MjZiZDYyNTk4NDAwMTc0NWMwODciLCJpYXQiOjE2NDY4MTQ0NTQsImV4cCI6MTY0NjkwMDg1NH0.EODZFUXNhSoqZv9lUs87j7CXhRlkSNKysABiBaW6Y28" xmlns="http://eviware.com/soapui/config"/></con:setting></con:settings><con:endpoint>https://ecommerceservice.herokuapp.com</con:endpoint><con:request>{
	"product": "622776f11fccff0017b3c778",
	"quantity": 50
}
</con:request><con:originalUri>https://ecommerceservice.herokuapp.com/orders</con:originalUri><con:credentials><con:authType>No Authorization</con:authType></con:credentials><con:jmsConfig JMSDeliveryMode="PERSISTENT"/><con:jmsPropertyConfig/><con:parameters/></con:restRequest></con:config></con:testStep><con:testStep type="restrequest" name="Get Order By Id" id="fe1c7f77-54cc-431e-97aa-ee1b7ce48ccf"><con:settings/><con:config service="https://ecommerceservice.herokuapp.com" resourcePath="/orders/62285e1fd7cea500172f1346" methodName="Id 1" xsi:type="con:RestRequestStep" xmlns:xsi="http://www.w3.org/2001/XMLSchema-instance"><con:restRequest name="Get Order By Id" id="e9d35e5a-b702-4f11-b060-8269bc53de93" mediaType="application/json"><con:settings><con:setting id="com.eviware.soapui.impl.wsdl.WsdlRequest@request-headers">&lt;entry key="Authorization" value="bearer eyJhbGciOiJIUzI1NiIsInR5cCI6IkpXVCJ9.eyJfaWQiOiI2MjI3MjZiZDYyNTk4NDAwMTc0NWMwODciLCJpYXQiOjE2NDY4MTQ0NTQsImV4cCI6MTY0NjkwMDg1NH0.EODZFUXNhSoqZv9lUs87j7CXhRlkSNKysABiBaW6Y28" xmlns="http://eviware.com/soapui/config"/></con:setting></con:settings><con:endpoint>https://ecommerceservice.herokuapp.com</con:endpoint><con:request/><con:originalUri>https://ecommerceservice.herokuapp.com/orders/62285e1fd7cea500172f1346</con:originalUri><con:credentials><con:authType>No Authorization</con:authType></con:credentials><con:jmsConfig JMSDeliveryMode="PERSISTENT"/><con:jmsPropertyConfig/><con:parameters/><con:parameterOrder/></con:restRequest></con:config></con:testStep><con:testStep type="restrequest" name="Update Order By Id" id="a523b521-b45d-410b-b1f4-c66282f5262e"><con:settings/><con:config service="https://ecommerceservice.herokuapp.com" resourcePath="/orders/62285e1fd7cea500172f1346" methodName="Id 1" xsi:type="con:RestRequestStep" xmlns:xsi="http://www.w3.org/2001/XMLSchema-instance"><con:restRequest name="Update Order By Id" id="f34f8036-0dba-464c-823e-1d4b30a5170a" mediaType="application/json" postQueryString="false"><con:settings><con:setting id="com.eviware.soapui.impl.wsdl.WsdlRequest@request-headers">&lt;entry key="Authorization" value="bearer eyJhbGciOiJIUzI1NiIsInR5cCI6IkpXVCJ9.eyJfaWQiOiI2MjI3MjZiZDYyNTk4NDAwMTc0NWMwODciLCJpYXQiOjE2NDY4MTQ0NTQsImV4cCI6MTY0NjkwMDg1NH0.EODZFUXNhSoqZv9lUs87j7CXhRlkSNKysABiBaW6Y28" xmlns="http://eviware.com/soapui/config"/></con:setting></con:settings><con:endpoint>https://ecommerceservice.herokuapp.com</con:endpoint><con:request>{
	"product": "62285e1fd7cea500172f1346",
	"quantity": 50
}
</con:request><con:originalUri>https://ecommerceservice.herokuapp.com/orders/62285e1fd7cea500172f1346</con:originalUri><con:credentials><con:authType>No Authorization</con:authType></con:credentials><con:jmsConfig JMSDeliveryMode="PERSISTENT"/><con:jmsPropertyConfig/><con:parameters/><con:parameterOrder/></con:restRequest></con:config></con:testStep><con:testStep type="restrequest" name="Delete Order by Id" id="86c1a77c-51ed-47e8-ad5b-4ba511104e70"><con:settings/><con:config service="https://ecommerceservice.herokuapp.com" resourcePath="/orders/{{id}}" methodName="Id 1" xsi:type="con:RestRequestStep" xmlns:xsi="http://www.w3.org/2001/XMLSchema-instance"><con:restRequest name="Delete Order by Id" id="f93af0f5-71a5-48fa-8ae9-87ef52c21681" mediaType="application/json" postQueryString="false"><con:settings><con:setting id="com.eviware.soapui.impl.wsdl.WsdlRequest@request-headers">&lt;xml-fragment/></con:setting></con:settings><con:endpoint>https://ecommerceservice.herokuapp.com</con:endpoint><con:request/><con:credentials><con:authType>No Authorization</con:authType></con:credentials><con:jmsConfig JMSDeliveryMode="PERSISTENT"/><con:jmsPropertyConfig/><con:parameters/><con:parameterOrder/></con:restRequest></con:config></con:testStep><con:properties/></con:testCase><con:properties><con:property><con:name>Token</con:name><con:value>bearer 6228eb2fd7cea500172f1551</con:value></con:property><con:property><con:name>id</con:name><con:value>62273834625984001745c241</con:value></con:property></con:properties></con:testSuite><con:properties><con:property><con:name>idP</con:name><con:value>62287c71d7cea500172f1431</con:value></con:property></con:properties><con:wssContainer/><con:oAuth2ProfileContainer/><con:oAuth1ProfileContainer/><con:sensitiveInformation/></con:soapui-project>